hestia_id,product_id,product_name,country,start_year,end_year,functional_unit_quantity,functional_unit,freshwater_withdrawal_l_per_kg,scarcity_weighted_water_aware_l_eq_per_kg,scarcity_weighted_water_ef31_l_eq_per_kg,aggregated_quality_score,aggregated_quality_score_max,aggregated_data_validated,irrigated,organic,source_id,data_release
africanAubergineFruit-cote-divoire-2010-2025-20250427,africanAubergineFruit,"African aubergine, fruit",Côte d'Ivoire,2010,2025,1,kg,7.4963363783164825,47.75915906625431,51.3499041914679,1,4,True,False,False,pu2wmwp8yfv7,v1.0 (2025-05-01)
africanNightshadeFruit-cote-divoire-2010-2025-20250427,africanNightshadeFruit,"African nightshade, fruit",Côte d'Ivoire,2010,2025,1,kg,20.380745183461627,129.84572756383403,139.60810450671215,0,4,True,False,False,pu2wmwp8yfv7,v1.0 (2025-05-01)
appleFruit-china-2010-2025-20250430,appleFruit,"Apple, fruit",China,2010,2025,1,kg,174.41839378547124,7996.5600998825,,1,4,True,False,False,pu2wmwp8yfv7,v1.0 (2025-05-01)
appleFruit-iran-2010-2025-20250430,appleFruit,"Apple, fruit",Iran,2010,2025,1,kg,115.71916747045863,7735.94206456763,,2,4,False,False,False,pu2wmwp8yfv7,v1.0 (2025-05-01)
aubergineFruit-cote-divoire-2010-2025-20250427,aubergineFruit,"Aubergine, fruit",Côte d'Ivoire,2010,2025,1,kg,5.772807428514557,36.778556127066246,39.54373088532471,2,4,True,False,False,pu2wmwp8yfv7,v1.0 (2025-05-01)
avocadoFruit-peru-2010-2025-20250430,avocadoFruit,"Avocado, fruit",Peru,2010,2025,1,kg,1311.941498486873,38413.64707569564,,2,4,True,False,False,pu2wmwp8yfv7,v1.0 (2025-05-01)
bananaFruit-brazil-2010-2025-20250430,bananaFruit,"Banana, fruit",Brazil,2010,2025,1,kg,1.8925688383528092,5.020985128150003,,1,4,True,False,False,pu2wmwp8yfv7,v1.0 (2025-05-01)
bananaFruit-china-2010-2025-20250430,bananaFruit,"Banana, fruit",China,2010,2025,1,kg,59.92105263157894,2747.2004999999995,,1,4,True,False,False,pu2wmwp8yfv7,v1.0 (2025-05-01)
bananaFruit-ecuador-2010-2025-20250430,bananaFruit,"Banana, fruit",Ecuador,2010,2025,1,kg,204.0082215044191,1629.6176733773,,2,4,True,False,False,pu2wmwp8yfv7,v1.0 (2025-05-01)
bananaFruit-iran-2010-2025-20250430,bananaFruit,"Banana, fruit",Iran,2010,2025,1,kg,1696.2822700147174,113398.16603275387,,3,4,True,False,False,pu2wmwp8yfv7,v1.0 (2025-05-01)
bananaFruit-world-2010-2025-20250501,bananaFruit,"Banana, fruit",World,2010,2025,1,kg,97.66533445274139,4467.212397868391,,2,5,True,False,False,pu2wmwp8yfv7,v1.0 (2025-05-01)
barleyGrainWhole-germany-2010-2025-20250501,barleyGrainWhole,"Barley, grain (whole)",Germany,2010,2025,1,kg,0.0,0.0,,2,4,True,False,False,pu2wmwp8yfv7,v1.0 (2025-05-01)
barleyGrainWhole-india-2010-2025-20250426,barleyGrainWhole,"Barley, grain (whole)",India,2010,2025,1,kg,,,0.0,1,4,True,False,False,pu2wmwp8yfv7,v1.0 (2025-05-01)
barleyGrainWhole-italy-2010-2025-20250501,barleyGrainWhole,"Barley, grain (whole)",Italy,2010,2025,1,kg,0.0,0.0,,1,4,True,False,False,pu2wmwp8yfv7,v1.0 (2025-05-01)
broadBeanSeedWhole-iran-2010-2025-20250430,broadBeanSeedWhole,"Broad bean, seed (whole)",Iran,2010,2025,1,kg,381.1865969873963,25482.705195204428,,0,4,True,False,False,pu2wmwp8yfv7,v1.0 (2025-05-01)
cabbageHead-cote-divoire-2010-2025-20250427,cabbageHead,"Cabbage, head",Côte d'Ivoire,2010,2025,1,kg,8.268295247251743,52.677309020240855,56.63782244367444,2,4,True,False,False,pu2wmwp8yfv7,v1.0 (2025-05-01)
carrotRoot-cote-divoire-2010-2025-20250427,carrotRoot,"Carrot, root",Côte d'Ivoire,2010,2025,1,kg,15.470357877789883,98.56165003939935,105.9719514628607,1,4,True,False,False,pu2wmwp8yfv7,v1.0 (2025-05-01)
cassavaRoot-thailand-2010-2025-20250430,cassavaRoot,"Cassava, root",Thailand,2010,2025,1,kg,0.0,0.0,,2,4,True,False,False,pu2wmwp8yfv7,v1.0 (2025-05-01)
castorSeed-india-2010-2025-20250426,castorSeed,"Castor, seed",India,2010,2025,1,kg,0.0,0.0,0.0,2,4,True,False,False,pu2wmwp8yfv7,v1.0 (2025-05-01)
chickpeaSeedWhole-india-2010-2025-20250426,chickpeaSeedWhole,"Chickpea, seed (whole)",India,2010,2025,1,kg,,,0.0,2,4,True,False,False,pu2wmwp8yfv7,v1.0 (2025-05-01)
chickpeaSeedWhole-iran-2010-2025-20250430,chickpeaSeedWhole,"Chickpea, seed (whole)",Iran,2010,2025,1,kg,896.9742560722723,59963.62599268747,,2,4,True,False,False,pu2wmwp8yfv7,v1.0 (2025-05-01)
chickpeaSeedWhole-italy-2010-2025-20250131,chickpeaSeedWhole,"Chickpea, seed (whole)",Italy,2010,2025,1,kg,0.0,0.0,,2,4,True,False,False,pu2wmwp8yfv7,v1.0 (2025-05-01)
chivesLeaf-cote-divoire-2010-2025-20250427,chivesLeaf,"Chives, leaf",Côte d'Ivoire,2010,2025,1,kg,9.037233926195666,57.57621734379259,61.90505239444031,2,4,True,False,False,pu2wmwp8yfv7,v1.0 (2025-05-01)
cocoaFruit-ghana-2010-2025-20250430,cocoaFruit,"Cocoa, fruit",Ghana,2010,2025,1,kg,0.0,0.0,,2,4,True,False,False,pu2wmwp8yfv7,v1.0 (2025-05-01)
cocoaSeedWhole-ecuador-2010-2025-20250430,cocoaSeedWhole,"Cocoa, seed (whole)",Ecuador,2010,2025,1,kg,5038.391243891813,40246.66925620781,,3,4,True,False,False,pu2wmwp8yfv7,v1.0 (2025-05-01)
coconutFruitInHusk-india-2010-2025-20250427,coconutFruitInHusk,"Coconut, fruit (in husk)",India,2010,2025,1,kg,486.45095034298174,14833.835279758885,,0,4,True,False,False,pu2wmwp8yfv7,v1.0 (2025-05-01)
coffeeSeedWhole-colombia-2010-2025-20250430,coffeeSeedWhole,"Coffee, seed (whole)",Colombia,2010,2025,1,kg,0.0,0.0,,0,4,True,False,False,pu2wmwp8yfv7,v1.0 (2025-05-01)
commonBeanSeedWhole-iran-2010-2025-20250430,commonBeanSeedWhole,"Common bean, seed (whole)",Iran,2010,2025,1,kg,4693.066923447279,313736.21689937403,,1,4,True,False,False,pu2wmwp8yfv7,v1.0 (2025-05-01)
cottonLint-india-2010-2025-20250426,cottonLint,"Cotton, lint",India,2010,2025,1,kg,,,0.0,1,4,True,False,False,pu2wmwp8yfv7,v1.0 (2025-05-01)
courgetteFruit-cote-divoire-2010-2025-20250427,courgetteFruit,"Courgette, fruit",Côte d'Ivoire,2010,2025,1,kg,5.381350338972327,34.284583009592694,36.86224982196044,2,4,True,False,False,pu2wmwp8yfv7,v1.0 (2025-05-01)
cucumberFruit-china-2010-2025-20250501,cucumberFruit,"Cucumber, fruit",China,2010,2025,1,kg,6.831781128460538,313.2166693965303,,0,4,True,False,False,pu2wmwp8yfv7,v1.0 (2025-05-01)
cucumberFruit-cote-divoire-2010-2025-20250427,cucumberFruit,"Cucumber, fruit",Côte d'Ivoire,2010,2025,1,kg,9.160904996505735,58.364125732738046,62.752199226064285,2,4,True,False,False,pu2wmwp8yfv7,v1.0 (2025-05-01)
cucumberFruit-iran-2010-2025-20250430,cucumberFruit,"Cucumber, fruit",Iran,2010,2025,1,kg,35.896140730187504,2399.692903953765,,2,4,False,False,False,pu2wmwp8yfv7,v1.0 (2025-05-01)
fingerMilletGrainInHusk-india-2010-2025-20250426,fingerMilletGrainInHusk,"Finger millet, grain (in husk)",India,2010,2025,1,kg,,,,1,4,True,False,False,pu2wmwp8yfv7,v1.0 (2025-05-01)
grapesFruit-australia-2010-2025-20250430,grapesFruit,"Grapes, fruit",Australia,2010,2025,1,kg,175.44192943874427,12770.418043846197,,3,4,True,False,False,pu2wmwp8yfv7,v1.0 (2025-05-01)
grapesFruit-france-2010-2025-20250430,grapesFruit,"Grapes, fruit",France,2010,2025,1,kg,0.0,0.0,,2,4,True,False,False,pu2wmwp8yfv7,v1.0 (2025-05-01)
grapesFruit-spain-2010-2025-20250206,grapesFruit,"Grapes, fruit",Spain,2010,2025,1,kg,12.793978342709828,1033.2416909572457,,1,4,True,False,False,pu2wmwp8yfv7,v1.0 (2025-05-01)
hazelnutInShell-iran-2010-2025-20250430,hazelnutInShell,"Hazelnut, in shell",Iran,2010,2025,1,kg,0.0,0.0,,2,4,True,False,False,pu2wmwp8yfv7,v1.0 (2025-05-01)
jujubeFruit-iran-2010-2025-20250430,jujubeFruit,"Jujube, fruit",Iran,2010,2025,1,kg,4334.696037618948,289778.7648108643,288690.7561054219,2,4,True,False,False,pu2wmwp8yfv7,v1.0 (2025-05-01)
juteStalk-india-2010-2025-20250426,juteStalk,"Jute, stalk",India,2010,2025,1,kg,,,0.0,2,4,True,False,False,pu2wmwp8yfv7,v1.0 (2025-05-01)
kiwifruitFruit-iran-2010-2025-20250430,kiwifruitFruit,"Kiwifruit, fruit",Iran,2010,2025,1,kg,707.6685435677433,47308.349806047205,47130.7250016117,2,4,True,False,False,pu2wmwp8yfv7,v1.0 (2025-05-01)
lentilSeedWhole-india-2010-2025-20250427,lentilSeedWhole,"Lentil, seed (whole)",India,2010,2025,1,kg,,,0.0,1,4,True,False,False,pu2wmwp8yfv7,v1.0 (2025-05-01)
lentilSeedWhole-iran-2010-2025-20250430,lentilSeedWhole,"Lentil, seed (whole)",Iran,2010,2025,1,kg,741.5769716571631,49575.16213225301,,2,4,True,False,False,pu2wmwp8yfv7,v1.0 (2025-05-01)
lettuceHead-cote-divoire-2010-2025-20250427,lettuceHead,"Lettuce, head",Côte d'Ivoire,2010,2025,1,kg,7.726512676291426,49.22561226065268,52.926611832596265,2,4,True,False,False,pu2wmwp8yfv7,v1.0 (2025-05-01)
maizeGrain-brazil-2010-2025-20250430,maizeGrain,"Maize, grain",Brazil,2010,2025,1,kg,18.651144523651787,49.48148642124819,,1,4,True,False,False,pu2wmwp8yfv7,v1.0 (2025-05-01)
maizeGrain-canada-2010-2025-20250430,maizeGrain,"Maize, grain",Canada,2010,2025,1,kg,0.0,0.0,,2,4,True,False,False,pu2wmwp8yfv7,v1.0 (2025-05-01)
maizeGrain-china-2010-2025-20250430,maizeGrain,"Maize, grain",China,2010,2025,1,kg,187.81297564362882,8610.66149433345,,2,4,True,False,False,pu2wmwp8yfv7,v1.0 (2025-05-01)
maizeGrain-france-2010-2025-20250430,maizeGrain,"Maize, grain",France,2010,2025,1,kg,21.60511854883506,204.9677596727982,,2,4,True,False,False,pu2wmwp8yfv7,v1.0 (2025-05-01)
maizeGrain-hungary-2010-2025-20250430,maizeGrain,"Maize, grain",Hungary,2010,2025,1,kg,0.0,0.0,,2,4,True,False,False,pu2wmwp8yfv7,v1.0 (2025-05-01)
maizeGrain-india-2010-2025-20250426,maizeGrain,"Maize, grain",India,2010,2025,1,kg,57.65456461686995,1758.1182934268322,,2,4,True,False,False,pu2wmwp8yfv7,v1.0 (2025-05-01)
maizeGrain-italy-2010-2025-20250430,maizeGrain,"Maize, grain",Italy,2010,2025,1,kg,81.68078599861559,3790.070151121762,,2,4,True,False,False,pu2wmwp8yfv7,v1.0 (2025-05-01)
maizeGrain-mexico-2010-2025-20250430,maizeGrain,"Maize, grain",Mexico,2010,2025,1,kg,9.859176590304235,357.79937763873096,,2,4,True,False,False,pu2wmwp8yfv7,v1.0 (2025-05-01)
maizeGrain-myanmar-2010-2025-20250430,maizeGrain,"Maize, grain",Myanmar,2010,2025,1,kg,0.0,0.0,,3,4,True,False,False,pu2wmwp8yfv7,v1.0 (2025-05-01)
maizeGrain-nepal-2010-2025-20250430,maizeGrain,"Maize, grain",Nepal,2010,2025,1,kg,0.0,0.0,,2,4,True,False,False,pu2wmwp8yfv7,v1.0 (2025-05-01)
maizeGrain-romania-2010-2025-20250430,maizeGrain,"Maize, grain",Romania,2010,2025,1,kg,0.0,0.0,,3,4,True,False,False,pu2wmwp8yfv7,v1.0 (2025-05-01)
maizeGrain-tanzania-2010-2025-20250430,maizeGrain,"Maize, grain",Tanzania,2010,2025,1,kg,0.10220456348920726,0.6867124620839836,,2,4,True,False,False,pu2wmwp8yfv7,v1.0 (2025-05-01)
maizeGrain-ukraine-2010-2025-20250430,maizeGrain,"Maize, grain",Ukraine,2010,2025,1,kg,0.0,0.0,,3,4,True,False,False,pu2wmwp8yfv7,v1.0 (2025-05-01)
maizeGrain-united-states-2010-2025-20250501,maizeGrain,"Maize, grain",United States,2010,2025,1,kg,35.97707175798701,1284.9211178365063,,3,4,True,False,False,pu2wmwp8yfv7,v1.0 (2025-05-01)
melonFruit-iran-2010-2025-20250430,melonFruit,"Melon, fruit",Iran,2010,2025,1,kg,208.71261378413524,13952.646944083224,,2,4,True,False,False,pu2wmwp8yfv7,v1.0 (2025-05-01)
mungBeanSeedWhole-india-2010-2025-20250426,mungBeanSeedWhole,"Mung bean, seed (whole)",India,2010,2025,1,kg,,,0.0,1,4,True,False,False,pu2wmwp8yfv7,v1.0 (2025-05-01)
mustardSeedWhole-india-2010-2025-20250426,mustardSeedWhole,"Mustard, seed (whole)",India,2010,2025,1,kg,1239.9765097941815,37811.84368966377,36455.30938794894,2,4,True,False,False,pu2wmwp8yfv7,v1.0 (2025-05-01)
nigerSeed-india-2010-2025-20250427,nigerSeed,"Niger, seed",India,2010,2025,1,kg,,,0.0,1,4,True,False,False,pu2wmwp8yfv7,v1.0 (2025-05-01)
oatGrainInHusk-united-kingdom-2010-2025-20250501,oatGrainInHusk,"Oat, grain (in husk)",United Kingdom,2010,2025,1,kg,,,,0,4,True,False,False,pu2wmwp8yfv7,v1.0 (2025-05-01)
oilPalmFruit-indonesia-2010-2025-20250430,oilPalmFruit,"Oil palm, fruit",Indonesia,2010,2025,1,kg,0.0,0.0,,3,4,True,False,False,pu2wmwp8yfv7,v1.0 (2025-05-01)
oilPalmFruit-malaysia-1990-2009-20250430,oilPalmFruit,"Oil palm, fruit",Malaysia,1990,2009,1,kg,0.0,0.0,,3,4,True,False,False,pu2wmwp8yfv7,v1.0 (2025-05-01)
oilPalmFruit-malaysia-2010-2025-20250501,oilPalmFruit,"Oil palm, fruit",Malaysia,2010,2025,1,kg,0.0,0.0,,2,4,True,False,False,pu2wmwp8yfv7,v1.0 (2025-05-01)
okraFruit-cote-divoire-2010-2025-20250427,okraFruit,"Okra, fruit",Côte d'Ivoire,2010,2025,1,kg,9.551961650361479,60.855547674452986,65.43093730497613,1,4,True,False,False,pu2wmwp8yfv7,v1.0 (2025-05-01)
oliveFruit-iran-2010-2025-20250430,oliveFruit,"Olive, fruit",Iran,2010,2025,1,kg,388.5979425908982,25978.161060144135,,2,4,True,False,False,pu2wmwp8yfv7,v1.0 (2025-05-01)
onionBulb-cote-divoire-2010-2025-20250427,onionBulb,"Onion, bulb",Côte d'Ivoire,2010,2025,1,kg,8.952007690527742,57.03324099635225,61.32125268011503,0,4,True,False,False,pu2wmwp8yfv7,v1.0 (2025-05-01)
onionBulb-india-2010-2025-20250427,onionBulb,"Onion, bulb",India,2010,2025,1,kg,,,0.0,1,4,True,False,False,pu2wmwp8yfv7,v1.0 (2025-05-01)
orangeFruit-china-2010-2025-20250430,orangeFruit,"Orange, fruit",China,2010,2025,1,kg,0.0,0.0,,1,4,True,False,False,pu2wmwp8yfv7,v1.0 (2025-05-01)
orangeFruit-iran-2010-2025-20250430,orangeFruit,"Orange, fruit",Iran,2010,2025,1,kg,,,,2,4,True,False,False,pu2wmwp8yfv7,v1.0 (2025-05-01)
orangeFruit-spain-2010-2025-20250501,orangeFruit,"Orange, fruit",Spain,2010,2025,1,kg,142.9983650200891,11548.547959022397,,2,4,True,False,False,pu2wmwp8yfv7,v1.0 (2025-05-01)
parsleyLeaf-cote-divoire-2010-2025-20250427,parsleyLeaf,"Parsley, leaf",Côte d'Ivoire,2010,2025,1,kg,,,0.0,0,4,True,False,False,pu2wmwp8yfv7,v1.0 (2025-05-01)
peaSeedWhole-canada-2010-2025-20250430,peaSeedWhole,"Pea, seed (whole)",Canada,2010,2025,1,kg,0.0,0.0,,2,4,True,False,False,pu2wmwp8yfv7,v1.0 (2025-05-01)
peaYoungSeedWhole-italy-2010-2025-20250430,peaYoungSeedWhole,"Pea, young seed (whole)",Italy,2010,2025,1,kg,21.498762959522278,997.5641000847933,,3,4,True,False,False,pu2wmwp8yfv7,v1.0 (2025-05-01)
peachFruit-china-2010-2025-20250430,peachFruit,"Peach, fruit",China,2010,2025,1,kg,0.0,0.0,,2,4,True,False,False,pu2wmwp8yfv7,v1.0 (2025-05-01)
peachFruit-iran-2010-2025-20250430,peachFruit,"Peach, fruit",Iran,2010,2025,1,kg,73.16541042498312,4891.180852320546,,2,4,True,False,False,pu2wmwp8yfv7,v1.0 (2025-05-01)
peanutInShell-china-2010-2025-20250430,peanutInShell,"Peanut, in shell",China,2010,2025,1,kg,100.9984056400659,4630.473903380102,,2,4,True,False,False,pu2wmwp8yfv7,v1.0 (2025-05-01)
peanutInShell-india-2010-2025-20250426,peanutInShell,"Peanut, in shell",India,2010,2025,1,kg,,,0.0,2,4,True,False,False,pu2wmwp8yfv7,v1.0 (2025-05-01)
peanutInShell-iran-2010-2025-20250430,peanutInShell,"Peanut, in shell",Iran,2010,2025,1,kg,0.0,0.0,,2,4,True,False,False,pu2wmwp8yfv7,v1.0 (2025-05-01)
peanutInShell-united-states-2010-2025-20250501,peanutInShell,"Peanut, in shell",United States,2010,2025,1,kg,0.0,0.0,,2,4,True,False,False,pu2wmwp8yfv7,v1.0 (2025-05-01)
pearFruit-china-2010-2025-20250501,pearFruit,"Pear, fruit",China,2010,2025,1,kg,534.3112822756397,24496.56935849125,,1,4,True,False,False,pu2wmwp8yfv7,v1.0 (2025-05-01)
pearlMilletGrainInHusk-india-2010-2025-20250426,pearlMilletGrainInHusk,"Pearl millet, grain (in husk)",India,2010,2025,1,kg,,,0.0,1,4,True,False,False,pu2wmwp8yfv7,v1.0 (2025-05-01)
pigeonPeaSeedWhole-india-2010-2025-20250426,pigeonPeaSeedWhole,"Pigeon pea, seed (whole)",India,2010,2025,1,kg,0.0,0.0,0.0,2,4,True,False,False,pu2wmwp8yfv7,v1.0 (2025-05-01)
pistachioInShell-iran-2010-2025-20250430,pistachioInShell,"Pistachio, in shell",Iran,2010,2025,1,kg,0.0,0.0,,2,4,True,False,False,pu2wmwp8yfv7,v1.0 (2025-05-01)
potatoTuber-china-2010-2025-20250430,potatoTuber,"Potato, tuber",China,2010,2025,1,kg,16.5796327757961,760.1264238719237,,1,4,True,False,False,pu2wmwp8yfv7,v1.0 (2025-05-01)
potatoTuber-india-2010-2025-20250429,potatoTuber,"Potato, tuber",India,2010,2025,1,kg,40.007645492773776,1219.9931416566435,,3,4,True,False,False,pu2wmwp8yfv7,v1.0 (2025-05-01)
potatoTuber-iran-2010-2025-20250430,potatoTuber,"Potato, tuber",Iran,2010,2025,1,kg,175.24687611673897,11715.428915280118,,3,4,False,False,False,pu2wmwp8yfv7,v1.0 (2025-05-01)
quinoaGrain-iran-2010-2025-20250430,quinoaGrain,"Quinoa, grain",Iran,2010,2025,1,kg,4085.9174141800195,273147.6650553485,,1,4,True,False,False,pu2wmwp8yfv7,v1.0 (2025-05-01)
quinoaGrain-peru-2010-2025-20250430,quinoaGrain,"Quinoa, grain",Peru,2010,2025,1,kg,0.0,0.0,,2,4,True,False,False,pu2wmwp8yfv7,v1.0 (2025-05-01)
rapeseedSeedWhole-iran-1990-2009-20250430,rapeseedSeedWhole,"Rapeseed, seed (whole)",Iran,1990,2009,1,kg,1262.6153301507334,84407.09743590667,,3,4,True,False,False,pu2wmwp8yfv7,v1.0 (2025-05-01)
rapeseedSeedWhole-iran-2010-2025-20250430,rapeseedSeedWhole,"Rapeseed, seed (whole)",Iran,2010,2025,1,kg,347.33160633893544,23219.465215364173,,3,4,True,False,False,pu2wmwp8yfv7,v1.0 (2025-05-01)
rapeseedSeedWhole-italy-2010-2025-20250430,rapeseedSeedWhole,"Rapeseed, seed (whole)",Italy,2010,2025,1,kg,0.0,0.0,,2,4,True,False,False,pu2wmwp8yfv7,v1.0 (2025-05-01)
riceGrainInHuskFlooded-cambodia-2010-2025-20250428,riceGrainInHuskFlooded,"Rice, grain (in husk), flooded",Cambodia,2010,2025,1,kg,0.0,0.0,,2,4,False,False,False,pu2wmwp8yfv7,v1.0 (2025-05-01)
riceGrainInHuskFlooded-china-2010-2025-20250428,riceGrainInHuskFlooded,"Rice, grain (in husk), flooded",China,2010,2025,1,kg,936.575852774395,42939.19312214769,,2,4,True,False,False,pu2wmwp8yfv7,v1.0 (2025-05-01)
riceGrainInHuskFlooded-india-2010-2025-20250501,riceGrainInHuskFlooded,"Rice, grain (in husk), flooded",India,2010,2025,1,kg,2802.2465843631285,85451.70734356924,,3,4,True,False,False,pu2wmwp8yfv7,v1.0 (2025-05-01)
riceGrainInHuskFlooded-indonesia-2010-2025-20250428,riceGrainInHuskFlooded,"Rice, grain (in husk), flooded",Indonesia,2010,2025,1,kg,916.0299352084044,21925.176499213158,,3,4,True,False,False,pu2wmwp8yfv7,v1.0 (2025-05-01)
riceGrainInHuskFlooded-iran-2010-2025-20250430,riceGrainInHuskFlooded,"Rice, grain (in husk), flooded",Iran,2010,2025,1,kg,2557.987781815822,171004.04120216952,,3,4,True,False,False,pu2wmwp8yfv7,v1.0 (2025-05-01)
riceGrainInHuskFlooded-italy-2010-2025-20250501,riceGrainInHuskFlooded,"Rice, grain (in husk), flooded",Italy,2010,2025,1,kg,4399.588746174888,204145.317411261,,3,4,True,False,False,pu2wmwp8yfv7,v1.0 (2025-05-01)
riceGrainInHuskFlooded-nepal-2010-2025-20250428,riceGrainInHuskFlooded,"Rice, grain (in husk), flooded",Nepal,2010,2025,1,kg,,,,2,4,True,False,False,pu2wmwp8yfv7,v1.0 (2025-05-01)
riceGrainInHuskFlooded-pakistan-2010-2025-20250428,riceGrainInHuskFlooded,"Rice, grain (in husk), flooded",Pakistan,2010,2025,1,kg,3791.933101008283,224876.8006221952,,2,4,True,False,False,pu2wmwp8yfv7,v1.0 (2025-05-01)
riceGrainInHuskFlooded-spain-2010-2025-20250428,riceGrainInHuskFlooded,"Rice, grain (in husk), flooded",Spain,2010,2025,1,kg,,,,1,4,False,False,False,pu2wmwp8yfv7,v1.0 (2025-05-01)
riceGrainInHuskFlooded-viet-nam-2010-2025-20250428,riceGrainInHuskFlooded,"Rice, grain (in husk), flooded",Viet Nam,2010,2025,1,kg,1211.5460714338058,21504.94276795005,,3,4,True,False,False,pu2wmwp8yfv7,v1.0 (2025-05-01)
ryeGrain-germany-2010-2025-20250501,ryeGrain,"Rye, grain",Germany,2010,2025,1,kg,0.0,0.0,,2,4,True,False,False,pu2wmwp8yfv7,v1.0 (2025-05-01)
safflowerSeedWhole-india-2010-2025-20250427,safflowerSeedWhole,"Safflower, seed (whole)",India,2010,2025,1,kg,,,0.0,0,4,True,False,False,pu2wmwp8yfv7,v1.0 (2025-05-01)
sesameSeedWhole-india-2010-2025-20250427,sesameSeedWhole,"Sesame, seed (whole)",India,2010,2025,1,kg,,,0.0,1,4,True,False,False,pu2wmwp8yfv7,v1.0 (2025-05-01)
sorghumGrain-india-2010-2025-20250429,sorghumGrain,"Sorghum, grain",India,2010,2025,1,kg,,,,1,4,True,False,False,pu2wmwp8yfv7,v1.0 (2025-05-01)
sorrelLeaf-cote-divoire-2010-2025-20250427,sorrelLeaf,"Sorrel, leaf",Côte d'Ivoire,2010,2025,1,kg,42.11753873463691,268.33083927837174,288.50514033226284,0,4,True,False,False,pu2wmwp8yfv7,v1.0 (2025-05-01)
soybeanSeedWhole-argentina-2010-2025-20250218,soybeanSeedWhole,"Soybean, seed (whole)",Argentina,2010,2025,1,kg,0.007630960703004972,0.28690122955087793,,2,4,True,False,False,pu2wmwp8yfv7,v1.0 (2025-05-01)
soybeanSeedWhole-brazil-2010-2025-20250430,soybeanSeedWhole,"Soybean, seed (whole)",Brazil,2010,2025,1,kg,0.000699397559619432,0.001855501725670353,,3,4,True,False,False,pu2wmwp8yfv7,v1.0 (2025-05-01)
soybeanSeedWhole-china-2010-2025-20250430,soybeanSeedWhole,"Soybean, seed (whole)",China,2010,2025,1,kg,275.53535334448935,12632.469344784804,,2,4,True,False,False,pu2wmwp8yfv7,v1.0 (2025-05-01)
soybeanSeedWhole-india-2010-2025-20250426,soybeanSeedWhole,"Soybean, seed (whole)",India,2010,2025,1,kg,1.0560215463117522,32.20232103323057,31.047033461565512,1,4,True,False,False,pu2wmwp8yfv7,v1.0 (2025-05-01)
soybeanSeedWhole-iran-2010-2025-20250430,soybeanSeedWhole,"Soybean, seed (whole)",Iran,2010,2025,1,kg,1021.5784741712617,68293.54257682302,,2,4,True,False,False,pu2wmwp8yfv7,v1.0 (2025-05-01)
soybeanSeedWhole-united-states-2010-2025-20250501,soybeanSeedWhole,"Soybean, seed (whole)",United States,2010,2025,1,kg,0.20321513258910834,7.257828460420005,,3,4,True,False,False,pu2wmwp8yfv7,v1.0 (2025-05-01)
spinachLeaf-iran-2010-2025-20250430,spinachLeaf,"Spinach, leaf",Iran,2010,2025,1,kg,219.43027956315382,14669.133619076396,,1,4,True,False,False,pu2wmwp8yfv7,v1.0 (2025-05-01)
strawberryFruit-iran-2010-2025-20250430,strawberryFruit,"Strawberry, fruit",Iran,2010,2025,1,kg,346.88432600996566,23189.564078092215,,1,4,True,False,False,pu2wmwp8yfv7,v1.0 (2025-05-01)
sugarBeetRoot-france-2010-2025-20250430,sugarBeetRoot,"Sugar beet, root",France,2010,2025,1,kg,1.5655597108428514,14.85246497676613,,2,4,True,False,False,pu2wmwp8yfv7,v1.0 (2025-05-01)
sugarBeetRoot-germany-2010-2025-20250430,sugarBeetRoot,"Sugar beet, root",Germany,2010,2025,1,kg,0.0,0.0,,1,4,True,False,False,pu2wmwp8yfv7,v1.0 (2025-05-01)
sugarBeetRoot-iran-2010-2025-20250430,sugarBeetRoot,"Sugar beet, root",Iran,2010,2025,1,kg,171.6603122910926,11475.663536971831,,3,4,True,False,False,pu2wmwp8yfv7,v1.0 (2025-05-01)
sugarBeetRoot-sweden-2010-2025-20250430,sugarBeetRoot,"Sugar beet, root",Sweden,2010,2025,1,kg,0.0,0.0,,2,4,True,False,False,pu2wmwp8yfv7,v1.0 (2025-05-01)
sugarBeetRoot-united-states-2010-2025-20250430,sugarBeetRoot,"Sugar beet, root",United States,2010,2025,1,kg,17.10253313217532,610.8169708156416,,2,4,True,False,False,pu2wmwp8yfv7,v1.0 (2025-05-01)
sugarcaneStalk-brazil-2010-2025-20250430,sugarcaneStalk,"Sugarcane, stalk",Brazil,2010,2025,1,kg,1.8857374549268837,5.002861467921022,,2,4,True,False,False,pu2wmwp8yfv7,v1.0 (2025-05-01)
sugarcaneStalk-india-2010-2025-20250426,sugarcaneStalk,"Sugarcane, stalk",India,2010,2025,1,kg,231.25788147762654,7051.977837778743,6798.98171544222,3,4,True,False,False,pu2wmwp8yfv7,v1.0 (2025-05-01)
sugarcaneStalk-iran-2010-2025-20250430,sugarcaneStalk,"Sugarcane, stalk",Iran,2010,2025,1,kg,535.1351351351351,35774.318918918914,,2,4,True,False,False,pu2wmwp8yfv7,v1.0 (2025-05-01)
sugarcaneStalk-world-2010-2025-20250430,sugarcaneStalk,"Sugarcane, stalk",World,2010,2025,1,kg,95.57199493835185,4371.463048480214,,3,5,True,False,False,pu2wmwp8yfv7,v1.0 (2025-05-01)
sunflowerSeedWhole-france-2010-2025-20250207,sunflowerSeedWhole,"Sunflower, seed (whole)",France,2010,2025,1,kg,0.0,0.0,,2,4,True,False,False,pu2wmwp8yfv7,v1.0 (2025-05-01)
sunflowerSeedWhole-india-2010-2025-20250430,sunflowerSeedWhole,"Sunflower, seed (whole)",India,2010,2025,1,kg,,,,1,4,True,False,False,pu2wmwp8yfv7,v1.0 (2025-05-01)
sunflowerSeedWhole-italy-1990-2009-20250430,sunflowerSeedWhole,"Sunflower, seed (whole)",Italy,1990,2009,1,kg,69.56157101597381,3227.726456712201,,3,4,True,False,False,pu2wmwp8yfv7,v1.0 (2025-05-01)
sunflowerSeedWhole-italy-2010-2025-20250430,sunflowerSeedWhole,"Sunflower, seed (whole)",Italy,2010,2025,1,kg,46.53925585374742,2159.4680108697344,,3,4,True,False,False,pu2wmwp8yfv7,v1.0 (2025-05-01)
sunflowerSeedWhole-portugal-2010-2025-20250430,sunflowerSeedWhole,"Sunflower, seed (whole)",Portugal,2010,2025,1,kg,558.6316854384808,29199.11956618395,,2,4,True,False,False,pu2wmwp8yfv7,v1.0 (2025-05-01)
sunflowerSeedWhole-turkey-country-2010-2025-20250430,sunflowerSeedWhole,"Sunflower, seed (whole)",Turkey (Country),2010,2025,1,kg,212.2623380640328,12320.342888250656,,3,4,True,False,False,pu2wmwp8yfv7,v1.0 (2025-05-01)
tomatoFruit-china-2010-2025-20250430,tomatoFruit,"Tomato, fruit",China,2010,2025,1,kg,25.19941216267584,1155.3174494221994,,2,4,True,False,False,pu2wmwp8yfv7,v1.0 (2025-05-01)
tomatoFruit-cote-divoire-2010-2025-20250427,tomatoFruit,"Tomato, fruit",Côte d'Ivoire,2010,2025,1,kg,6.464925825519093,41.18804243438215,44.284741904805784,2,4,True,False,False,pu2wmwp8yfv7,v1.0 (2025-05-01)
tomatoFruit-india-2010-2025-20250430,tomatoFruit,"Tomato, fruit",India,2010,2025,1,kg,98.70701775392408,3009.971799388161,,3,4,True,False,False,pu2wmwp8yfv7,v1.0 (2025-05-01)
tomatoFruit-turkey-country-2010-2025-20250430,tomatoFruit,"Tomato, fruit",Turkey (Country),2010,2025,1,kg,48.6416915110208,2823.3097003741805,,3,4,True,False,False,pu2wmwp8yfv7,v1.0 (2025-05-01)
uradBeanSeedWhole-india-2010-2025-20250426,uradBeanSeedWhole,"Urad bean, seed (whole)",India,2010,2025,1,kg,,,0.0,1,4,True,False,False,pu2wmwp8yfv7,v1.0 (2025-05-01)
uradBeanSeedWhole-myanmar-2010-2025-20250430,uradBeanSeedWhole,"Urad bean, seed (whole)",Myanmar,2010,2025,1,kg,0.0,0.0,,2,4,True,False,False,pu2wmwp8yfv7,v1.0 (2025-05-01)
watermelonFruit-iran-2010-2025-20250430,watermelonFruit,"Watermelon, fruit",Iran,2010,2025,1,kg,0.0,0.0,,3,4,True,False,False,pu2wmwp8yfv7,v1.0 (2025-05-01)
wheatGrain-albania-2010-2025-20250430,wheatGrain,"Wheat, grain",Albania,2010,2025,1,kg,533.1704357142858,19500.708686250004,,1,4,True,False,False,pu2wmwp8yfv7,v1.0 (2025-05-01)
wheatGrain-australia-2010-2025-20250430,wheatGrain,"Wheat, grain",Australia,2010,2025,1,kg,0.0,0.0,,2,4,True,False,False,pu2wmwp8yfv7,v1.0 (2025-05-01)
wheatGrain-china-2010-2025-20250430,wheatGrain,"Wheat, grain",China,2010,2025,1,kg,127.20881338087884,5832.142467073152,,3,4,True,False,False,pu2wmwp8yfv7,v1.0 (2025-05-01)
wheatGrain-india-2010-2025-20250426,wheatGrain,"Wheat, grain",India,2010,2025,1,kg,571.6559103254024,17432.07532946282,16806.68376356683,3,4,True,False,False,pu2wmwp8yfv7,v1.0 (2025-05-01)
wheatGrain-italy-2010-2025-20250430,wheatGrain,"Wheat, grain",Italy,2010,2025,1,kg,0.038494113280871406,1.7861653503457142,,2,4,True,False,False,pu2wmwp8yfv7,v1.0 (2025-05-01)
wheatGrain-russia-2010-2025-20250430,wheatGrain,"Wheat, grain",Russia,2010,2025,1,kg,0.0,0.0,,1,4,False,False,False,pu2wmwp8yfv7,v1.0 (2025-05-01)
wheatGrain-united-kingdom-2010-2025-20250430,wheatGrain,"Wheat, grain",United Kingdom,2010,2025,1,kg,0.005918277800157128,0.019772966130324966,,3,4,True,False,False,pu2wmwp8yfv7,v1.0 (2025-05-01)
wheatGrain-united-states-2010-2025-20250207,wheatGrain,"Wheat, grain",United States,2010,2025,1,kg,0.0,0.0,,3,4,True,False,False,pu2wmwp8yfv7,v1.0 (2025-05-01)
